Country,Project title,Sector,Client / agency,Status,Year,Description
Burkina Faso,Feasibility Study for SOBFEL fruits & vegetables processing facility,Agriculture,USTDA,Closed,,
Burkina Faso,Technical Sanitary and Phytosanitary assistance to the government of Burkina Faso,Agriculture,USTDA,Closed,,
Burkina Faso,Technical assistance for the strategy development to promote the Bagré growth pole site (including advice on attracting private investors and structuring viable transactions),Private Sector Development,World Bank Group,Closed,,
Burkina Faso,Resident Advisor to the Burkina Faso government for the Restructuring and Privatization of State Owned Enterprises,Public Sector Governance and Public Enterprise Reform,World Bank Group,Closed,,
Morocco,Cold Storage Needs for Palm Dates,Agriculture,USTDA,Closed,,
Morocco,Cold Storage Needs for Fisheries Technical Assistance,Agriculture,USTDA,Closed,,
Morocco,MCC Compact Evaluation. Lot 2. Artisinal fisheries,Agriculture,Millennium Challenge Corporation/MCC,Closed,,
Morocco,Fisheries Evaluation,Agriculture,Millennium Challenge Corporation/MCC,Closed,,
Morocco,Modernisation Study of the ONDA IT Airport Systems,Aviation & Tourism,ONDA,Closed,,
Morocco,IT Aeroportiaire ONDA,Trade Facilitation and Investment Promotion,Office National des Aéroports (ONDA),Active,,
Morocco,Reengineering of the Ministry of Privatization,Public Sector Governance and Public Enterprise Reform,N/A,Closed,,
Lesotho,Consulting Services for Value Chain Development and Training/advisory Services Provider,Agriculture,World Bank Group/ IDA,Closed,,
Lesotho,Consulting Services to Develop Site-Specific Proposals for Community and Investor Partnership Models in Horticulture,Agriculture,Millennium Challenge Corporation/MCC,Closed,,
Lesotho,Development and Deployment of Digital Services,Information and Communication Technology for Development,N/A,Active,,
Lesotho,Investment Promotion Strategy,Trade Facilitation and Investment Promotion,The World Bank Group,Closed,,
Lesotho,Development of an Investor Tracking Solution (ITS),Trade Facilitation and Investment Promotion,The World Bank Group,Closed,,
Lesotho,Lead Economic Development Advisor to the Lesotho National Development Corporation (IOS Principals).,Trade Facilitation and Investment Promotion,LNDC,Closed,,
Madagascar,Feasibility study for the establishment of a sea cucumber hatchery in Ambanja,Agriculture,World Bank Group/ IDA,Closed,,
Madagascar,Development of the Fisheries Management Plan (PAP) for the Anosy region,Agriculture,World Bank Group,Closed,,
Madagascar,Development of the Fisheries Management Plan (PAP) for the Diana region,Agriculture,World Bank Group,Closed,,
Madagascar,Development of the Fisheries Management Plan (PAP) for the Sava region,Agriculture,World Bank Group,Closed,,
Madagascar,Development of the Fisheries Management Plan (PAP) for the Sofia region,Agriculture,World Bank Group,Closed,,
Madagascar,SWIOFish2 Code Fishing Aquaculture,Agriculture,World Bank Group,Closed,,
Madagascar,Feasibility Study for the Investment and Development of the 10 Main Airports of ADEMA,Aviation & Tourism,N/A,Active,,
Madagascar,Technical Assistance for Institutional support for Civil Aviation in Madagascar,Aviation & Tourism,N/A,Closed,,
Madagascar,National Airport Strategy,Aviation & Tourism,World Bank Group,Closed,,
Madagascar,Transaction Advisory Services for the Selection of a Strategic Partner for Air Madagascar- Phase I,Aviation & Tourism,Air Mada,Closed,,
Madagascar,Complementary Technical Assistance to Air Madagascar to facilitate Transaction Close- Phase II,Aviation & Tourism,Air Mada,Closed,,
Madagascar,Elaboration of a new Civil Aviation Code and its detailed application texts for Madagascar – Transports Sectoral Program,Aviation & Tourism,N/A,Closed,,
Madagascar,Air Transport Liberalization and Civil Aviation Regulatory Body Restructuring,Aviation & Tourism,N/A,Closed,,
Madagascar,Private Sector Participation/ Privatization of Airports in Madagascar,Aviation & Tourism,N/A,Closed,,
Madagascar,Rural telephony component of the second project for Private Sector Development,Private Sector Development,World Bank Group,Closed,,
Madagascar,Financial and Strategic Advice for the Privatization of 44 Key Enterprises,Public Sector Governance and Public Enterprise Reform,World Bank Group,Closed,,
Madagascar,Restructuring and private sector participation in the Postal Savings Bank of Madagascar,Public Sector Governance and Public Enterprise Reform,N/A,Closed,,
Sierra Leone,Agricultural Market Analysis (AMA),Agriculture,Millennium Challenge Corporation/MCC,Closed,,
Sierra Leone,Consulting Services for 2013 Agriculture Sector Review in Sierra Leone,Agriculture,World Bank Group,Closed,,
Sierra Leone,Options study for Private Sector Participation in Lungi International Airport and Airport Transfer Study,Aviation & Tourism,World Bank Group,Closed,,
Seychelles,National Tuna Development and Management Plan,Agriculture,SWIOFish3 Program and the World Bank /WB,Closed,,
Seychelles,Establishment of an Information Management System for Agencies Involved in MSME Development and Promotion (Individual Consultant),Private Sector Development,AFDB,Closed,,
Haiti,Strengthening of Artisanal Fisheries Project,Agriculture,IFAD,Active,,
Haiti,"Technical Assistance for the Monitoring of Incentives in Northern, North-Eastern, Southern regions and in Grande Anse",Agriculture,Inter-American Development Bank /IDB,Active,,
Haiti,"Due Diligence Services for the Concession of the Toussaint Louverture International Airport and Les Cayes Airport in Haiti Blue Ocean Harvest, 2011-2012",Aviation & Tourism,N/A,Closed,,
Haiti,Design and Implementation of Single Window for Investment,Information and Communication Technology for Development,?,Active,,
Haiti,"Privatization of the Ports, Telecom and Airport Infrastructure(IOS Principals)",Transport & Infrastructure,N/A,Closed,,
Haiti,Institutional Strengthening Plan of the Economic and Social Assistance Fund (FAES),Public Sector Governance and Public Enterprise Reform,Inter-American Development Bank /IDB,Closed,,
Haiti,Technical Assistance for Relief and Restructuring Efforts in Haiti-Organizational and operational diagnosing of seven (7) ministries on behalf of the Office of Management and Human Resources (OMRH),Public Sector Governance and Public Enterprise Reform,N/A,Closed,,
Benin,Access to Markets Program – Review of “Feasibility Study and Design for a Mandatory Inspection Station (BOC) for Fish Products”,Agriculture,N/A,Closed,,
Georgia,Wine Marketing,Agriculture,World Bank Group,Closed,,
Georgia,"Privatization Assessment Program – Third Structural Adjustment Credit (SAC III) - SOEs in Energy, Telecom, Ports, Industry(PPP)",Transport & Infrastructure,N/A,Closed,,
Georgia,Capacity Building and Advocacy Support for the Georgian Competition Agency- (The project comprised 2 phases: 1),Public Sector Governance and Public Enterprise Reform,EBRD,Closed,,
Georgia,Georgia Social Protection Reform Project,Social Development and Inclusion,N/A,Closed,,
Georgia,FIRST Initiative - Georgian Insurance Supervisory Strengthening,Social Development and Inclusion,N/A,Closed,,
Hungary,Technical Assistance to Agricultural Exporters in Hungary,Agriculture,N/A,Closed,,
Mali,USAID Monitoring and Evaluations Services,Agriculture,USAID,Closed,,
Mali,Bamako Airport Performance Evaluation,Aviation & Tourism,Millennium Challenge Corporation/MCC,Closed,,
Mali,Mali Bamako Senou Airport and Industrial Park Project Assessment and Development Services – Phase I,Aviation & Tourism,N/A,Closed,,
Mali,Bamako-Sénou Airport and Industrial Park Project Assessment and Development Services Phase II,Aviation & Tourism,N/A,Closed,,
Nigeria,Non-Lending Technical Assistance Trade in Agricultural Market - Consultancy for Market Studies,Agriculture,World Bank Group,Closed,,
Nigeria,Institutional Reform for the Civil Aviation Sector of Nigeria,Aviation & Tourism,N/A,Closed,,
Nigeria,Nigeria College of Aviation Technology,Aviation & Tourism,N/A,Closed,,
Nigeria,Due Diligence Services for the Construction of Airport Terminals at four International Airports in Nigeria,Aviation & Tourism,N/A,Closed,,
Nigeria,"FAAN Master Planning Training, Miami",Aviation & Tourism,FAAN,Closed,,
Nigeria,Orientation sessions for Airport Performance Management System,Aviation & Tourism,FAAN,Closed,,
Nigeria,"Lagos State Tourism Master Plan (sub to EY, 2018)",Aviation & Tourism,E&Y/Ernst & Young,Closed,,
Nigeria,IMO State Airline,Aviation & Tourism,Woolsey Holdings Ltd.,Closed,,
Nigeria,Completion of MRO Building at Victor Attah International Airport,Aviation & Tourism,FGN,Cancelled,,
Nigeria,Technical Assistance to the National Privatization Program of Nigeria – Concession of the National Facilities,Public Sector Governance and Public Enterprise Reform,N/A,Closed,,
Nicaragua,"USAID Private Sector Support Project: Feasibility study – Export and Technical Assistance, Fruit and Vegetable processing facilities. Private Sector Assistance Project",Agriculture,N/A,Closed,,
Nicaragua,"Consultancy Services for the Establishment of an Inter-Institutional Normative Framework for Integrated Border Management in Nicaragua (IDB, 2016-2017)",Trade Facilitation and Investment Promotion,Inter-American Development Bank /IDB,Closed,,
Nicaragua,Study to Identify Foreign and National Investment Opportunities and Develop Specific Investment Projects in Nicaragua,Trade Facilitation and Investment Promotion,Inter-American Development Bank /IDB,Closed,,
Nicaragua,Technical Assistance in Foreign Trade Matters and Government Technology Systems for the Establishment of the Electronic Single Windowfor Foreign Trade in Nicaragua VUCEN ATN/OC-13337-NI,Trade Facilitation and Investment Promotion,Inter-American Development Bank /IDB,Closed,,
Nicaragua,USAID CAFTA Promotion Project,Trade Facilitation and Investment Promotion,Not available,Closed,,
Nicaragua,"Nicaraguan Social Investment Fund-(FISE Nicaragua, 2001-2005)",Social Development and Inclusion,N/A,Closed,,
Senegal,Mid-Term Evaluation of USAID Senegal’s IRG Managed Economic Growth Program,Agriculture,N/A,Closed,,
Senegal,Prefeasibility study for the Cité des Affaires of West Africa,Trade Facilitation and Investment Promotion,N/A,Closed,,
Senegal,Strategic Study on the reform of the economic and financial dispute resolution mechanisms and investor protection measures as they relate to the World Bank’s “Doing Business” indicators,Public Sector Governance and Public Enterprise Reform,N/A,Closed,,
Iraq,Baghdad International Airport PPP,Aviation & Tourism,World Bank /WB,Closed,,
Iraq,Integrated Financial Management System,Finance,N/A,Closed,,
Iraq,USAID Economic Reform Project - Development and Implementation of a Corporate Business Register,Public Sector Governance and Public Enterprise Reform,N/A,Closed,,
Samoa,Samoa Airway's Turbo prob Operations Options Analysis,Aviation & Tourism,World Bank Group,Closed,,
Samoa,Updating of the Samoa Aviation Sector Strategy for MWTI & SAA Masterplan & Review of the Civil Aviation Act,Aviation & Tourism,World Bank Group,Active,,
Samoa,Aviation Strategy for Samoa,Aviation & Tourism,World Bank Group,Closed,,
Philippines,Regional Asia - 2022-2023 Indo-Pacific Aviation Follow-on,Aviation & Tourism,USTDA,Active,,
Philippines,Partnership for Global Infrastructure and Investment Fund- Task Order: STAR Services Port Facility Expansion,Transport & Infrastructure,USAID M/OAA,Active,,
Philippines,Privatization Advisor to Support Implementation of Subic Bay Metropolitan Authority (SBMA) Privatization and Commercialization Program,Transport & Infrastructure,N/A,Closed,,
Philippines,Indefinite Delvery Contract (ICD) under TA-7796 PHI: Strenghtening Public-Private Partnerships inIDIQCs the Philippines- PPP-Pre Qualification of Consulting Firmas under IDC for Panel of Project Preparation and Transaction Advisory Consultants-259. Philippines IDIQ PPP – 2017 | IDIQ|,Private Sector Development,Asian Development Bank/ADB,Active,,
Philippines,Global Architect and Engineer Services (A&E) III Indefinite Delivery/Indefinite Quantity (IDIQ)(Philippines),Private Sector Development,U.S. Department of State,Active,,
Philippines,Improvement of The Social Security System (SSS) Pension Administration Through Better Database Management,Social Development and Inclusion,N/A,Closed,,
Tuvalu,Tuvalu Connectivity Needs Analysis,Aviation & Tourism,Australian Department of Foreign Affairs and Trade (DFAT),Active,,
Tuvalu,Aviation Investment Project (TvAIP),Aviation & Tourism,World Bank Group,Closed,,
Cambodia,Transaction Advisory Services for the New Ratanakiri Airport,Aviation & Tourism,N/A,Active,,
Cambodia,Indefinite Delivery Contracts for the Panel of Transaction Advisory Services Consultants for PPP Projects,Private Sector Development,General Department of Public-Private Partnerships,Active,,
Fiji,Development of an Integrated Tourism Master Plan for the Fiji Tourism Development Program in Vanua Levu,Aviation & Tourism,?,Active,,
Fiji,Air Connectivity Investment Analytics In support of Fiji: Development for Post-Tourism recovery project,Aviation & Tourism,World Bank Group,Closed,,
Solomon Islands,Second Solomon Islands Roads and Aviation Project (SIRAP2),Aviation & Tourism,World Bank Group,Active,,
Solomon Islands,Solomon Airlines Strategic Planning Workshops (Oceania),Aviation & Tourism,World Bank Group,Closed,,
Solomon Islands,Aviation Sector Strategy,Aviation & Tourism,World Bank Group,Closed,,
Solomon Islands,Technical Assistance for the Central Bank of Solomon Islands ICT Modernization Roadmap,Information and Communication Technology for Development,USTDA,Active,,
Solomon Islands,Diagnostic Assessment of InterIsland Transport - including Privatisation of Solomon Airlines,Transport & Infrastructure,N/A,Closed,,
Solomon Islands,State Owned Enterprise Reform and Privatization Program,Public Sector Governance and Public Enterprise Reform,N/A,Closed,,
Solomon Islands,Strategic Review of Solomon Islands National Provident Fund,Social Development and Inclusion,N/A,Closed,,
Ethiopia,"Lalibela Protection, Restoration and Development Project",Aviation & Tourism,N/A,Active,,
Ethiopia,National Bank of Ethiopia Human Resource Management System,Finance,NBE/National Bank of Ethiopia,Closed,,
Ethiopia,Strengthening the Framework for Banking Regulation and Supervision for the National Bank of Ethiopia,Finance,NBE/National Bank of Ethiopia,Closed,,
Ethiopia,Potential Infrastructure PPPs,Private Sector Development,EBRD,Closed,,
Saint Vincent and The Grenadines,OECS Regional Tourism Competitiveness Project,Aviation & Tourism,World Bank Group,Closed,,
Saint Vincent and The Grenadines,"Port Resiliency Program (""PReP"") Workshop for ST. Vincent's Argyle International Airport",Aviation & Tourism,"Outreach Aid to the America, Inc/OAA",Closed,,
Saint Vincent and The Grenadines,Review of Policies and Legislation and Development of recommendations on necessary reforms to implement,Information and Communication Technology for Development,World Bank Group,Active,,
Saint Vincent and The Grenadines,Legislative Drafting Support Project,Information and Communication Technology for Development,N/A,Active,,
Jamaica,Consultancy Firm for Tourism Business Consultant,Aviation & Tourism,World Bank Group,Closed,,
Jamaica,Evaluation of Strategic Options for the Reform of the Development Bank of Jamaica’s Wholesale Lending Windows for Agriculture,Finance,N/A,Closed,,
Jamaica,"Design, Develop and Implement Phase 2B of the National Business Portal (NBP)",Information and Communication Technology for Development,N/A,Closed,,
Jamaica,Development of Frameworks for Implementation of ATA Carnet System in Jamaica,Trade Facilitation and Investment Promotion,The World Bank Group,Closed,,
Jamaica,"Design, Develop and Implement Phase II of the National Business Portal Project",Trade Facilitation and Investment Promotion,JAMPRO,Closed,,
Jamaica,Review and Update of the 28 Vision 2030 Jamaica – Sector Plans,Public Sector Governance and Public Enterprise Reform,The Government of Jamaica,Closed,,
Jamaica,Health Assessment Study,Social Development and Inclusion,Inter-American Development Bank /IDB,Closed,,
Jamaica,Process Reengineering of Pension Adminstration and Management,Social Development and Inclusion,World Bank /WB,Closed,,
Jamaica,Strengthening Heatlh Systems in Jamaica/JA-T1092,Social Development and Inclusion,Inter-American Development Bank /IDB,Closed,,
Jamaica,Process Reengineering of Pension Payment Process,Social Development and Inclusion,N/A,Closed,,
Djibouti,Development of sector activity on tourism in Djibouti,Aviation & Tourism,World Bank Group,Closed,,
Canada,Saskatoon Airport Food/Beverage Commercial Review and Recommendations (2017),Aviation & Tourism,SAA,Closed,,
Costa Rica,Strategic Plan for Route Development-Phase II,Aviation & Tourism,ICT,Closed,,
Costa Rica,Strategic Plan for Route Development-Phase I,Aviation & Tourism,ICT,Closed,,
Costa Rica,El Viejo Tourism Development,Aviation & Tourism,Garnier & Garnier,Closed,,
Costa Rica,Strategic Plan for Route Development- Phase III,Aviation & Tourism,ICT,Closed,,
Costa Rica,Sculpture Park,Private Sector Development,Garnier & Garnier,Closed,,
United Arab Emirates,Tourism and Culture Authority Integration Strategy,Aviation & Tourism,N/A,Closed,,
United Arab Emirates,Assistance in the Development of New Pension Legislation for the Emirate of Abu Dhabi(United Arab Emirates),Social Development and Inclusion,"Abu Dabi, UAE",Closed,,
Bangladesh,Restructuring Advisory Services to BIMAN Bangladesh Airlines,Aviation & Tourism,World Bank Group,Closed,,
Bosnia and Herzegovina,Diagnostic Study for the Privatization of Air Bosna,Aviation & Tourism,World Bank Group,Closed,,
Bosnia and Herzegovina,Transfer of Air Traffic Management Services,Aviation & Tourism,World Bank Group,Closed,,
Bosnia and Herzegovina,USAID/BiH E-Governance Activity,Trade Facilitation and Investment Promotion,USAID,Closed,,
Bosnia and Herzegovina,Technical assistance in tender sale of state-owned enterprise “KTK Visoko”,Public Sector Governance and Public Enterprise Reform,Agency for Privatization in the Federation of Bosnia and Herzegovina,Closed,,
Bosnia and Herzegovina,"SOSAC II - Policy Reform of Disability Programs(World Bank, 2001-2002)",Social Development and Inclusion,N/A,Closed,,
Bosnia and Herzegovina,Social Sector Technical Assistant Credit (SOTAC) - Technical Assistance for Reform of Social Assistance and Disability Programs (covered Social Welfare and Child Protection),Social Development and Inclusion,N/A,Closed,,
Bosnia and Herzegovina,SOCIAL INSURANCE TECHNICAL ASSISTANCE PROJECT (SITAP) 1.2 - Social Insurance Administration Advisors,Social Development and Inclusion,N/A,Closed,,
Bosnia and Herzegovina,SOCIAL INSURANCE TECHNICAL ASSISTANCE PROJECT (SITAP) - Developing Policy Framework for Social Insurance Component: Subcomponent 1.5b – Horizontal Functional Review and Process Redesign,Social Development and Inclusion,N/A,Closed,,
Brazil,Bahia Statewide Airport Modernization Project,Aviation & Tourism,USTDA,Closed,,
Brazil,Study for the São Paulo Airports Expansion Plan,Aviation & Tourism,Inter-American Development Bank /IDB,Closed,,
Brazil,Technical Advisory Services for the 7th Round of Concessions in Brazil(Brazil Airport Concessions Vinci),Aviation & Tourism,VINCI Airports,Closed,,
Brazil,Traffic and Revenue Review of Embraport,Transport & Infrastructure,N/A,Closed,,
Brazil,Support consultancy in the diagnosis and structuring of the Viamão Hospital PPP Project in the State of Rio Grande do Sul,Private Sector Development,Inter-American Development Bank /IDB,Active,,
Chile,Santiago Intl Airport,Aviation & Tourism,N/A,Closed,,
Cameroon,Development of a national airport system strategy and the establishment of airport ground handling and airport concession,Aviation & Tourism,N/A,Closed,,
Cameroon,Technical Assistance for Concession of Cameroon Airport,Aviation & Tourism,USTDA,Closed,,
Cameroon,Development of a Private Sector Strategy,Private Sector Development,IDA,Closed,,
Cape Verde,Civil Aviation Legal Framework,Aviation & Tourism,World Bank Group/(Transport Sector Reform Project-TSRP),Closed,,
Cape Verde,Consulting Services for a Retrenchment Study of Ports under Privatization,Transport & Infrastructure,The World Bank Group,Closed,,
Cape Verde,Study on the impact of privatization in Cape Verde from 1993 to 2005,Private Sector Development,World Bank Group,Closed,,
Cape Verde,Technical Assistance for Structuring the Maritime and Port Agency in Cape Verde,Public Sector Governance and Public Enterprise Reform,World Bank Group,Closed,,
Cape Verde,Postal Sector Assessment Study,Public Sector Governance and Public Enterprise Reform,ARME,Closed,,
Cape Verde,Growth and Competitiveness Project to create the Postal Bank of Cape Verde,Public Sector Governance and Public Enterprise Reform,Government of Cape Verde,Closed,,
Ecuador,Restructuring of Ecuatoriana Airlines,Aviation & Tourism,N/A,Closed,,
Ecuador,Privatization of Guayaquil International Airport,Aviation & Tourism,N/A,Closed,,
Ecuador,Concession of Quito International Airport,Aviation & Tourism,N/A,Closed,,
Ecuador,Technical Assistance on the Restructuring/Reform of the Postal Sector and Concessioning of the Official Postal Service,Public Sector Governance and Public Enterprise Reform,N/A,Closed,,
Egypt,"Master Plan Study for Egypt Future National Airports Development and identification of a Pipeline of Potential of Potential Public-Private Partnerships|PPP| (World Bank, 2017)",Aviation & Tourism,World Bank Group,Closed,,
Egypt,Reorganization and Airport Capacity Building Project,Aviation & Tourism,Egyptian Holding Company for Airports and Air Navigation(EHCAAN),Closed,,
Greece,New International Airport of Heraklion - Traffic Study,Aviation & Tourism,Terna,Closed,,
Hong Kong,Provision of ICAO Safety Management System Workshop at the Hong Kong International Airport,Aviation & Tourism,Pan Am,Closed,,
India,Bid Advisory Services for the GAU Airport,Aviation & Tourism,Global Infrastructure Partners /GIP,Closed,,
India,Bond Guarantee Fund for India,Finance,Asian Development Bank/ADB,Closed,,
India,Infrastructure PPPs - PPP Training Content & Curriculum Development and Training of Trainers,Private Sector Development,N/A,Closed,,
Kenya,Financing technical services project for JKIA,Aviation & Tourism,The Louis Berger Group/LBG,Closed,,
Kenya,"Consultancy Services for Productivity Improvement Programme (Advocacy Campaign, Organizational Review and Labour Situation Assessment) at the Port of Mombasa, Kenya",Transport & Infrastructure,TMEA,Closed,,
Laos,Business Restructuring/Privatization Study of Lao Airlines,Aviation & Tourism,N/A,Closed,,
Laos,"Consulting services to the International finance corporation (IFC) and the States Assets Management Department of the Ministry of Finance of Lao PDR to Desing, Develop and Implement Secured Transactions Registry System.",Finance,International Finance Coorporation/IFC,Closed,,
Myanmar,Myanmar Airport Capacity Study,Aviation & Tourism,ICAO,Closed,,
Mongolia,"Airline Expansion Plan Technical Assistance and Buy side Privatization Advisory Services (MIAT Mongolia) for Eznis Airways, LLC -Phase I and Phase II",Aviation & Tourism,USTDA,Closed,,
Mongolia,Strengthening Mongolia's Financial Sector Development - Pension Reform and Development of Contractual Savings Institutions,Finance,N/A,Closed,,
Mozambique,Consultancy Services for Feasibility Study for Nacala Airport City and an Industrial Zone Within,Aviation & Tourism,World Bank Group,Closed,,
Mozambique,Study for the Establishment of Industrial Parks in Zambezia Province in Mozambique,Trade Facilitation and Investment Promotion,World Bank /WB,Closed,,
Malawi,Review and update Legal Framework for the Cultural Development Programme,Aviation & Tourism,AfDB,Closed,,
Malawi,Advisory Services on the Privatization Of Air Malawi,Aviation & Tourism,N/A,Closed,,
Malawi,"Study to Determine the Future of the Malawi Airports Sector with Emphasis on PSP Options, Regulatory and Legal Framework and the Institutional Structure",Aviation & Tourism,N/A,Closed,,
Malawi,Development and Implementation of Contracts Management and Procurements Tracking System,Trade Facilitation and Investment Promotion,The World Bank Group,Closed,,
Malawi,Selection of Consulting Services for Establishment of the electronic National Single Window System in Malawi,Trade Facilitation and Investment Promotion,The World Bank Group,Closed,,
Malawi,Consultancy services to conduct a mid and end term evaluation-MCA-Malawi,Private Sector Development,Millennium Challenge Corporation/MCC,Closed,,
Peru,Determination of Charges of Access for Utilization of Port and Airport Infrastructure,Aviation & Tourism,N/A,Closed,,
Peru,Ports Of Hueneme Trade Mission to Peru,Transport & Infrastructure,US Goverment Agency  State of California,Closed,,
Peru,Regulatory Issues in Transport Sector – Development of Multi Sector Regulator in Peru - OSITRAN,Transport & Infrastructure,N/A,Closed,,
Peru,Invoice Registry Archit,Trade Facilitation and Investment Promotion,Inter-American Development Bank /IDB,Cancelled,,
Palau,Valuation and supporting report of the landside assets of the Palau International Airport.,Aviation & Tourism,Government of Palau,Closed,,
Puerto Rico,Technical Advisory Services for the Privatization of the Luis Munoz Marin International Airport(Puerto Rico/USA),Aviation & Tourism,N/A,Closed,,
Qatar,Qatari Tourism Sector Strategy Project,Aviation & Tourism,Booz,Closed,,
Qatar,Collateral Registry System for Qatar(QCSD),Trade Facilitation and Investment Promotion,QCSD,Active,,
Qatar,Booz SME – Qatar,Private Sector Development,Booz,Closed,,
Qatar,"Strategy, Transformation and Change at the Ministry of Economy and Commerce",Public Sector Governance and Public Enterprise Reform,Strategy &,Closed,,
Indonesia,Airport Safety Oversight and Advanced Technologies Workshop- Indonesia,Aviation & Tourism,N/A,Closed,,
Indonesia,Indonesia Infrastructure Initiative -Technical Advisory Services through the Indonesia Infrastructure Initiative (IndII) Consultant Pool,Private Sector Development,AusAID,Closed,,
Rwanda,Implementation support to RDB’s Tourism Regulatory Agency,Aviation & Tourism,RDB,Closed,,
Saudi Arabia,Revising executive regulations to defend the interests of General Authority of Civil Aviation customers,Aviation & Tourism,GACA,Closed,,
Saudi Arabia,Collateral Registry- ADD more information,Trade Facilitation and Investment Promotion,Not available,Closed,,
Saudi Arabia,Development of Special Economic Zones,Trade Facilitation and Investment Promotion,N/A,Closed,,
Saudi Arabia,Study for the Privatization of the Grain Silos and Flour Milling Organization (GSFMO),Public Sector Governance and Public Enterprise Reform,N/A,Closed,,
El Salvador,Feasibility Studies for a PPP for the AIESMOARG Air Cargo Terminal,Aviation & Tourism,MCC,Closed,,
El Salvador,"Technical, Financial and Economic Feasibility Study to Operate a Construction Permit Entity",Information and Communication Technology for Development,USAID,Closed,,
El Salvador,Business Services to Develop the Design of an Effective and Efficient Institutional Structure for the Facilitation and Promotion of the Investments,Trade Facilitation and Investment Promotion,USAID,Closed,,
El Salvador,Technical services to develop a multisectoral investment promotion campaign,Trade Facilitation and Investment Promotion,USAID,Closed,,
El Salvador,El Salvador-Economic Competitiveness Project,Trade Facilitation and Investment Promotion,USAID,Closed,,
El Salvador,"CAFTA-DR Regional Trade Program (CRT) USAID –One Stop Shop Development - E-government - Hired as a subcontractor to Chemonics to assist the Salvadoran Customs Directorate (DGA) and the Technical Secretariat of the Presidency (STP) to develop an automated ""One-Stop-Shop"" portal to fully integrate the governmental processes required for the importation and exportation of goods in El Salvador in order to achieve compliance with the conditions of Chapters 4 and 5 of CAFTA-D (USAID, 2009) (Also under Trade Facilitation & Special Economic Zones) (IOS Principals)",Trade Facilitation and Investment Promotion,USAID,Closed,,
El Salvador,"CAFTA Promotion Project – USAID – Under contract to Booz Allen, IOS’s Director of IT participated in developing a One Stop Shop or “Ventanilla Unica Virtual” (eCNR) under a Service Oriented Architecture, using open source tool for the Centro Nacional de Registros (CNR) (USAID, 2009) (Also under Trade Facilitation & Special Economic Zones)",Trade Facilitation and Investment Promotion,N/A,Closed,,
El Salvador,Technical Assistance for the Northern Zone Trade Facilitation Portal Project in El Salvador,Trade Facilitation and Investment Promotion,USTDA,Closed,,
El Salvador,"Pension Reform Project (Regulation, Collection and Control)",Social Development and Inclusion,N/A,Closed,,
Somalia,Enhancement of the Civil Aviation System of Somalia,Aviation & Tourism,FGS,Closed,,
Somalia,Consultancy to undertake a needs assessment for the implementation of a Single Window System,Information and Communication Technology for Development,"World Bank Group/Ministry of Finance, Ministry of Commerce Industry",Closed,,
Suriname,Air Transport Support,Aviation & Tourism,IADB,Closed,,
Suriname,Consulting Service to Airport Management Ltd for Johan Adolf Pengel (JAP) International Airport,Aviation & Tourism,Airport Management Limited,Closed,,
Suriname,Consultancy to Support the Establishment of a Collateral Registry in Suriname,Trade Facilitation and Investment Promotion,Inter-American Development Bank /IDB,Closed,,
Suriname,Implementation of institutional framework of Parking Policy,Public Sector Governance and Public Enterprise Reform,Inter-American Development Bank /IDB,Active,,
Togo,Design of the National Development Strategy for Transportation in Togo,Aviation & Tourism,Asian Development Bank/ADB,Closed,,
Trinidad and Tobago,Provision of Investment Analysis Services - Multi-storey Car Park Project at the Piarco International Airport,Aviation & Tourism,The Airports Authority of Trinidad and Tobago,Closed,,
Trinidad and Tobago,Consulting Services to Design New Institutional and Governance Structure for the Single Electronic Window,Trade Facilitation and Investment Promotion,Inter-American Development Bank /IDB,Closed,,
Trinidad and Tobago,Advisory Services to Enhance the TTBizlink Application Software,Trade Facilitation and Investment Promotion,Inter-American Development Bank /IDB,Closed,,
Tanzania,Designing and Formulating the Costing System for the Civil Aviation Authority,Aviation & Tourism,World Bank Group,Closed,,
United States,Orlando Airport - GOAA International Cultural Consultant,Aviation & Tourism,GOAA,Closed,,
United States,Evaluating the Traveler's Perspective to Improve the Airport Customer Experience,Aviation & Tourism,TRB,Closed,,
United States,Assessing Airport Programs for Travelers with Disabilities and Older Adults (Nation-wide),Aviation & Tourism,TRB,Closed,,
United States,Social Media Monitoring & Management for the Cincinnati/Northern Kentucky International Airport,Aviation & Tourism,Kenton County Airport Board/KCA,Closed,,
United States,USAID Public Financial Management,Public Sector Governance and Public Enterprise Reform,USAID,Active,,
United States,Water and Development (WADI) II IDIQ,Public Sector Governance and Public Enterprise Reform,USAID,Active,,
United States,List of Qualified Advisors – 2017 for Puerto Rico Public-Private Partnerships Authority,Public Sector Governance and Public Enterprise Reform,N/A,Closed,,
United States,"Performance Management and Evaluation Services (Functional Area 5; Economics, Business, and Trade)",,Dept. of State,Closed,,
United States,"USAID Making Cities Work (Task Orders issued in that period can continue up to September 24, 2024)",,USAID,Closed,,
United States,"USAID Making Cities Work – DIG consortium in the small business segment (Task Orders issued in that period can continue up to September 24, 2024)",,USAID,Closed,,
United States,USAID Financing Self-Reliance and Market-Led Development (FSRMD) Canceled by USAID,,USAID,Cancelled,,
Vanuatu,Technical Assitance to the Vanuatu Airport Parliamentary Ad Hoc Committee,Aviation & Tourism,GoV,Closed,,
Vanuatu,Aviation Strategy for Vanuatu,Aviation & Tourism,World Bank Group,Closed,,
Vanuatu,Maritime Safety Administration,Transport & Infrastructure,Asian Development Bank/ADB,Closed,,
Vanuatu,"TA No. 3449-VAN - Phase III, Comprehensive Reform Program: Vanuatu National Provident Fund",Social Development and Inclusion,N/A,Closed,,
Barbados,Barbados Development Bank & Barbados National Bank - Analysis & Restructuring,Finance,N/A,Closed,,
China,Development of Capital Markets in Support of Pension Reform,Finance,Asian Development Bank/ADB,Closed,,
China,"Pension Reform - Component A : Development of Administrative System and the Legal, Regulatory and Supervisory Framework Underpinning the New Pension System",Social Development and Inclusion,N/A,Closed,,
Gambia,Study of Options For the Divestiture of Social Security and Housing Finance Corporation,Finance,Government of Gambia,Closed,,
Moldova,Tender for Support to Public Debt Management in Moldova Project,Finance,SIDA,Closed,,
Macedonia,Capital Market Regulatory Strengthening - Bank and Non-Bank Financial Institutions Strengthening in Macedonia – SEGIR Financial Service Task Order No 815,Finance,N/A,Closed,,
Macedonia,New Single Window (NSW) Programme Management Support,Information and Communication Technology for Development,N/A,Active,,
Montenegro,Montenegro Economic Reform Project,Finance,N/A,Closed,,
Montenegro,Reorganization and Operational Reform of the Central Bank of Montenegro (CBM),Finance,N/A,Closed,,
Montenegro,Pension System Administration Investment Project – Increasing Tax and Contribution Compliance,Social Development and Inclusion,N/A,Closed,,
Nepal,Reengineering Nepal Rastra Bank,Finance,World Bank Group &NRB,Closed,,
Russia,Improvement of Corporate Governance Mechanisms,Finance,N/A,Closed,,
Zambia,Regional O Zambia Task Order-Access to Finance,Finance,EU/EC,Closed,,
Guyana,The Integration of the Hire-Purchase Bill Requirements into the Moveable Collateral Registry System of Guyana,Information and Communication Technology for Development,Asian Development Bank/ADB,Closed,,
Guyana,Operationalization of the Moveable Collateral Registry,Information and Communication Technology for Development,N/A,Active,,
Guyana,Implementation of a Secured Transaction Regime and Green Business Framework in Guyana,Trade Facilitation and Investment Promotion,Inter-American Development Bank /IDB,Closed,,
Guyana,Go Invest Trade Framework Project,Trade Facilitation and Investment Promotion,Inter-American Development Bank /IDB,Closed,,
Saint Lucia,Supply and Installation of Hardware and Software for Saint Lucia Collateral Registry,Information and Communication Technology for Development,World Bank Group,Closed,,
Saint Lucia,Corrective Maintenance and Support Services of Saint Lucia Collateral Registry System,Information and Communication Technology for Development,World Bank Group,Active,,
Palestine,Development of fee-based business model for e-government procurement system,Information and Communication Technology for Development,World Bank Group,Closed,,
Bahamas,Legislative Reform Proposal for the Bahamas Moveable Collateral Registry,Information and Communication Technology for Development,N/A,Closed,,
Bahamas,Development of Regulations for The Bahamas’ Movable Collateral,Information and Communication Technology for Development,N/A,Active,,
Bahamas,Diagnostic Study to establish a Moveable Collateral Registry,Trade Facilitation and Investment Promotion,Central Bank of The  Bahamas,Closed,,
Bahamas,National Development Plan,Public Sector Governance and Public Enterprise Reform,Inter-American Development Bank /IDB,Suspended,,
Tunisia,Upgrade of the Local Governments Portal to focus on a citizen-centric approach,Information and Communication Technology for Development,World Bank Group,Closed,,
Tunisia,Study on Improving Port Governance and Operations of Tunisian National Ports,Transport & Infrastructure,?,Active,,
Sint Maarten,Development of ICT procurement policy and regulation for Sint Maarten,Information and Communication Technology for Development,N/A,Active,,
Angola,Consulting Services to: Draw up a plan for the Development & Operation of JUCE (Single Window for Foreign Trade),Information and Communication Technology for Development,N/A,Active,,
Republic of Guinea,"Development of E-Commerce Policy, Strategy and Action Plan",Information and Communication Technology for Development,?,Active,,
Republic of Guinea,Development of Secured Transactions Registry,Information and Communication Technology for Development,World Bank Group,Active,,
Maldives,Technical Assistance for the Government Digital Services,Information and Communication Technology for Development,?,Active,,
Maldives,Updating of Cargo Projection of the New Port in the Maldives,Transport & Infrastructure,PADECO,Closed,,
Maldives,PPP Options for the Port of Malé Expansion,Transport & Infrastructure,N/A,Closed,,
Maldives,Assessment of the Regulatory Compliance and Digitalization Opportunities for the Construction Sector,Trade Facilitation and Investment Promotion,World Bank Group,Closed,,
Maldives,Enhancement of the Social Security System,Social Development and Inclusion,N/A,Closed,,
Albania,Management Support for Project Supervision and Quality Assurance of the National Single Window Implementation,Information and Communication Technology for Development,N/A,Active,,
Comoros Islands,"Financial Analysis, Diagnostic, and Strategy Development for the Privatization of the two Main Ports of the Comoros Islands",Transport & Infrastructure,N/A,Closed,,
Pakistan,Peshawar Sustainable Bus Rapid Transit Corridor Project,Transport & Infrastructure,Asian Development Bank/ADB,Closed,,
Pakistan,Consultancy Services for Development of the Port Community System,Transport & Infrastructure,USAID,Closed,,
Pakistan,TA 7008-PAK: Development of National Trade Corridor Highway Business Plan,Trade Facilitation and Investment Promotion,Asian Development Bank/ADB,Closed,,
Kiribati,Strengthening National Coastal Resource Licensing Systems,Transport & Infrastructure,The World Bank Group,Closed,,
Belize,Institutional Strengthening of BELTRAIDE’s Investment Promotion Programs (IPPs),Trade Facilitation and Investment Promotion,?,Active,,
Belize,Leveraging Digital Technology for Improving the Business Climate in Belize,Trade Facilitation and Investment Promotion,Inter-American Development Bank /IDB,Closed,,
Belize,Design and Implementation of Single Information System of Beneficiaries (SISB),Social Development and Inclusion,Inter-American Development Bank /IDB,Closed,,
Brunei Darussalam,Collateral Registry System for Autoriti Monetari Brunei Darussalam,Trade Facilitation and Investment Promotion,Brunei Autoriti Monetari,Active,,
Brunei Darussalam,Collateral Registry System for Brunei Darussalam Central Bank (BDCB) - New Maintenance Contract,Trade Facilitation and Investment Promotion,Brunei Autoriti Monetari,Active,,
Brunei Darussalam,The Enforcement module for Collateral Registry System (CRS),Trade Facilitation and Investment Promotion,Brunei Autoriti Monetari,Closed,,
Antigua & Barbuda,Additional Requirements for Electronic Permitting System and One-Stop Shop,Trade Facilitation and Investment Promotion,Inter-American Development Bank /IDB,Active,,
Antigua & Barbuda,Design and Implementation of an Electronic Permitting System and One-Stop Shop,Trade Facilitation and Investment Promotion,Inter-American Development Bank /IDB,Active,,
Afghanistan,Consultancy Services For Conducting Feasibility Study And Design For Implementing Afghanistan National Single Window (ANSW) And For Preparing Afghanistan Trade Information Portal (ATIP),Trade Facilitation and Investment Promotion,The World Bank Group,Closed,,
Cote d'Ivoire,Study on Competitiveness of Enterprises in Ivory Coast,Trade Facilitation and Investment Promotion,The World Bank Group,Closed,,
"Congo, Democratic Republic",Transaction Advisory Services of the Special Economic Zone of Maluku-SEZ,Trade Facilitation and Investment Promotion,The World Bank Group,Closed,,
"Congo, Democratic Republic",Provision of Technical Assistance to the AZES - Agency for the Special Economic Zones,Trade Facilitation and Investment Promotion,The World Bank Group,Closed,,
Colombia,Strengthening Trade Policy in Colombia,Trade Facilitation and Investment Promotion,Inter-American Development Bank /IDB,Closed,,
Colombia,Electronic Invoice Registry Architecture and Design Firm,Trade Facilitation and Investment Promotion,International Finance Coorporation/IFC,Closed,,
Jordan,USAID MESP,Trade Facilitation and Investment Promotion,MSI,Closed,,
Kyrgyzstan,Central Collateral Registration Office (CCRO) Expert,Trade Facilitation and Investment Promotion,World Bank Group,Closed,,
Kyrgyzstan,Capacity Building for Financial Services Management for Kyrgyz Post Office,Private Sector Development,World Bank Group,Closed,,
Lebanon,SEZ in Tripoli with Sibley,Trade Facilitation and Investment Promotion,USAID,Closed,,
Azerbaijan,P.P.P Training,Private Sector Development,World Bank Group,Closed,,
Bolivia,Assignment to Develop Simplified Procedures for Business Registration in Bolivia,Private Sector Development,International Finance Coorporation/IFC,Closed,,
Bolivia,Industrias Oleaginosas SA financing,Public Sector Governance and Public Enterprise Reform,NA,Closed,,
Serbia,Buy-Side Technical and Financial Advisory Services related to the privatization of DDOR Novi Sad Insurance Company,Private Sector Development,N/A,Closed,,
Serbia,USAID Economic Reform Project,Public Sector Governance and Public Enterprise Reform,N/A,Closed,,
South Africa,Services in connection with Private Transmission Network Service Providers Project,Private Sector Development,DBSA,Closed,,
Zimbabwe,Transaction Advisory Services in the partial privatization of Allied Timbers,Private Sector Development,AfDB,Closed,,
Kingdom of Bahrain,Consultancy Services for Restructuring the Postal Services Project''Bahrain'',Public Sector Governance and Public Enterprise Reform,"Ministry of Transportation
and Telecommunications",Closed,,
Dominican Republic,"Business Developer Services for the Process Reform of the National Glass Industry, CxA",Public Sector Governance and Public Enterprise Reform,N/A,Closed,,
Dominican Republic,"Services for Business Promoter for the reform process of the National Paper Industry, CXA",Public Sector Governance and Public Enterprise Reform,N/A,Closed,,
Honduras,Consulting Services for the Privatization of the State Owned Official Postal Corporation - HONDUCOR,Public Sector Governance and Public Enterprise Reform,World Bank Group,Closed,,
Kuwait,In-House Consultancy support and Capability Building Services for PPP Projects,Public Sector Governance and Public Enterprise Reform,PTB,Closed,,
Sri Lanka,SOE reform assistance,Public Sector Governance and Public Enterprise Reform,N/A,Closed,,
Sudan,Establish and run LMRP Public Private Partnership Unit (PPPU),Public Sector Governance and Public Enterprise Reform,International Fund for Agricultural Development/IFAD,Closed,,
Yemen,"Port, Airport and Free Zone - Plan of Actions for the Development and Management of Aden Port – Aden Free Trade Zone",Public Sector Governance and Public Enterprise Reform,World Bank Group,Closed,,
Vietnam,IDIQ- PPP IDIQ – Feasibility Study and Transaction Advisory Services for Public Private Partnership-PPP Projects in Vietnam.,Public Sector Governance and Public Enterprise Reform,Asian Development Bank/ABD/AFD,Closed,,
Vietnam,Vietnam Social Security Administration Modernization Project (SSAMP)',Social Development and Inclusion,World Bank Group,Closed,,
Vietnam,Developing the Social Security System Component B,Social Development and Inclusion,N/A,Closed,,
Bulgaria,Pension Reform Project,Social Development and Inclusion,N/A,Closed,,
Bulgaria,Strategic Information Technology Plan for the Unified Collection Agency (URA),Social Development and Inclusion,N/A,Closed,,
Cook Islands,Review of Pension and Insurance Schemes,Social Development and Inclusion,N/A,Closed,,
Kazakhstan,Capacity Building for Pension Reform Project TA No. 2910-Kaz-(IOS Principals),Social Development and Inclusion,N/A,Closed,,
Kosovo,Central Database for Collections & Payments,Social Development and Inclusion,N/A,Closed,,
Romania,Design of the Pension Payment System for the Second and Third Pillars,Social Development and Inclusion,N/A,Closed,,
Slovakia,Development of Training for State Treasury,Social Development and Inclusion,N/A,Closed,,
Slovakia,Pension Reform Project - Information Technology Strategic planning project funded by the U.S. Trade and Development Agency,Social Development and Inclusion,USTDA,Closed,,
Ukraine,Design of the Ukraine Social Investment Fund (USIF) system of social care service micro projects,Social Development and Inclusion,N/A,Closed,,